repo-url,slug,step-status
https://gitlab.pro.ai/flourish/admin-frontend.git,admin-panel,
https://gitlab.pro.ai/mahdiayr/plotset-extension.git,browser-extension,
https://gitlab.pro.ai/moeinmn/Figma_plugin.git,figma-plugin,
https://gitlab.pro.ai/mahdiayr/plotset-binding.git,lib-template-data-binding,
https://gitlab.pro.ai/flourish/devtools.git,lib-template-devtools,
https://gitlab.pro.ai/pai/plotset-embed-module.git,lib-template-embed-module,
https://gitlab.pro.ai/flourish/plotset-data.git,lib-website-config,
https://gitlab.pro.ai/plotset/flourish-cli.git,scraper-flourish-cli,
https://gitlab.pro.ai/pai/fetch-tweet.git,scraper-tweet,
https://gitlab.pro.ai/sina/visual-capitalist-scrapper.git,scraper-visual-capitalist,
https://gitlab.pro.ai/behrooz-templates/common-scripts.git,sdk-common-scripts-svg,
https://gitlab.pro.ai/mahdiayr/plotset-formatter.git,sdk-formatter,
https://gitlab.pro.ai/flourish/base-plotset.git,sdk-template-base,
https://gitlab.pro.ai/flourish/plotset-settings-normalizer.git,sdk-template-settings-normalizer,
https://gitlab.pro.ai/pai/plotset-api.git,service-api,
https://gitlab.pro.ai/plotset/plotset-cors-proxy.git,service-cors-proxy,
https://gitlab.pro.ai/Behrooz/image-database.git,service-image-database,
https://gitlab.pro.ai/pai/datavis-backend.git,service-runner,
https://gitlab.pro.ai/pai/shorty.git,service-shorty,
https://gitlab.pro.ai/plotset/plotset-export-service.git,service-template-exporter,
https://gitlab.pro.ai/behrooz-templates/create-video-service.git,service-template-video-canvas,
https://gitlab.pro.ai/alireza-back-end/animated-chart-export-server.git,service-template-video-renderer,
https://gitlab.pro.ai/alireza_projects/animated-svg/animated-bar-chart-v2.git,template-animated-bar,
https://gitlab.pro.ai/moeinmn/bar-chart-animated.git,template-animated-bar-chart-animated,
https://gitlab.pro.ai/mahdiyar-templates/column-chart-live.git,template-animated-column-chart-live,
https://gitlab.pro.ai/moeinmn/column-racebar-mbostock.git,template-animated-column-racebar-mbostock,
https://gitlab.pro.ai/templates/d3-scatter-timeline.git,template-animated-d3-scatter-timeline,
https://gitlab.pro.ai/templates/echart-scatter-timeline.git,template-animated-echart-scatter-timeline,
https://gitlab.pro.ai/behrooz-templates/animate-line.git,template-animated-line,
https://gitlab.pro.ai/mahdiayr/linechart_live.git,template-animated-linechart_live,
https://gitlab.pro.ai/alirezabalayi/multi-animation.git,template-animated-multi-animation,
https://gitlab.pro.ai/mahdiyar-templates/pichart-dynamic.git,template-animated-pichart-dynamic,
https://gitlab.pro.ai/alireza_projects/animated-svg/racing-areas-svg.git,template-animated-race-area,
https://gitlab.pro.ai/alireza_projects/animated-svg/race-bar-v2.git,template-animated-race-bar,
https://gitlab.pro.ai/alireza_projects/animated-svg/racing-cards-svg.git,template-animated-race-card,
https://gitlab.pro.ai/alireza_projects/animated-svg/race-column-svg.git,template-animated-race-column,
https://gitlab.pro.ai/behrooz-templates/racecolumns-canvas.git,template-animated-race-column-canvas,
https://gitlab.pro.ai/alireza_projects/animated-svg/dual-race-bar-pie-svg.git,template-animated-race-dual,
https://gitlab.pro.ai/alireza_projects/animated-svg/race-line-v2.git,template-animated-race-line,
https://gitlab.pro.ai/alireza_projects/animated-svg/race-pie-v2.git,template-animated-race-pie,
https://gitlab.pro.ai/alireza_projects/animated-svg/race-pie-svg.git,template-animated-race-pie-svg,
https://gitlab.pro.ai/mahdiyar-templates/racebar.git,template-animated-racebar,
https://gitlab.pro.ai/amirreza_templates/racebar-chart.git,template-animated-racebar-chart,
https://gitlab.pro.ai/moein-templates/racebar-mbostock.git,template-animated-racebar-mbostock,
https://gitlab.pro.ai/moeinmn/raceline_chart.git,template-animated-raceline_chart,
https://gitlab.pro.ai/behrooz-templates/swarm-animated.git,template-animated-swarm-animated,
https://gitlab.pro.ai/sina/africa-countries-circles.git,template-map-africa-countries-bubbles,
https://gitlab.pro.ai/sina/africa-countries.git,template-map-africa-countries-choropleth,
https://gitlab.pro.ai/sina/africa-countries-symbols.git,template-map-africa-countries-symbols,
https://gitlab.pro.ai/sina/alabama-counties-bubbles.git,template-map-alabama-counties-bubbles,
https://gitlab.pro.ai/sina/alabama.git,template-map-alabama-counties-choropleth,
https://gitlab.pro.ai/sina/alabama-counties-symbols.git,template-map-alabama-counties-symbols,
https://gitlab.pro.ai/sina/alaska-boroughs-bubbles.git,template-map-alaska-boroughs-bubbles,
https://gitlab.pro.ai/sina/alaska.git,template-map-alaska-boroughs-choropleth,
https://gitlab.pro.ai/sina/alaska-boroughs-symbols.git,template-map-alaska-boroughs-symbols,
https://gitlab.pro.ai/sina/andalusia-provinces-bubbles.git,template-map-andalusia-provinces-bubbles,
https://gitlab.pro.ai/behrooz-templates/andalusia-provinces.git,template-map-andalusia-provinces-choropleth,
https://gitlab.pro.ai/sina/andalusia-provinces-symbols.git,template-map-andalusia-provinces-symbols,
https://gitlab.pro.ai/sina/argentina-provinces-circles.git,template-map-argentina-provinces-bubbles,
https://gitlab.pro.ai/sina/argentina-provinces.git,template-map-argentina-provinces-choropleth,
https://gitlab.pro.ai/sina/argentina-provinces-symbols.git,template-map-argentina-provinces-symbols,
https://gitlab.pro.ai/sina/arizona-counties-bubbles.git,template-map-arizona-counties-bubbles,
https://gitlab.pro.ai/sina/arizona.git,template-map-arizona-counties-choropleth,
https://gitlab.pro.ai/sina/arizona-counties-symbols.git,template-map-arizona-counties-symbols,
https://gitlab.pro.ai/sina/arkansas-counties-bubbles.git,template-map-arkansas-counties-bubbles,
https://gitlab.pro.ai/sina/arkansas.git,template-map-arkansas-counties-choropleth,
https://gitlab.pro.ai/sina/arkansas-counties-symbols.git,template-map-arkansas-counties-symbols,
https://gitlab.pro.ai/sina/asia-countries-circles.git,template-map-asia-countries-bubbles,
https://gitlab.pro.ai/sina/asia-countries.git,template-map-asia-countries-choropleth,
https://gitlab.pro.ai/sina/asia-countries-symbols.git,template-map-asia-countries-symbols,
https://gitlab.pro.ai/sina/australia-states-circles.git,template-map-australia-states-bubbles,
https://gitlab.pro.ai/sina/australia-states.git,template-map-australia-states-choropleth,
https://gitlab.pro.ai/sina/australia-states-symbols.git,template-map-australia-states-symbols,
https://gitlab.pro.ai/sina/austria-states-circles.git,template-map-austria-states-bubbles,
https://gitlab.pro.ai/sina/austria-states.git,template-map-austria-states-choropleth,
https://gitlab.pro.ai/sina/austria-states-symbols.git,template-map-austria-states-symbols,
https://gitlab.pro.ai/sina/bangladesh-districts-circles.git,template-map-bangladesh-districts-bubbles,
https://gitlab.pro.ai/sina/bangladesh-districts.git,template-map-bangladesh-districts-choropleth,
https://gitlab.pro.ai/sina/bangladesh-districts-symbols.git,template-map-bangladesh-districts-symbols,
https://gitlab.pro.ai/sina/belgium-provinces-circles.git,template-map-belgium-provinces-bubbles,
https://gitlab.pro.ai/sina/belgium-provinces.git,template-map-belgium-provinces-choropleth,
https://gitlab.pro.ai/sina/belgium-provinces-symbols.git,template-map-belgium-provinces-symbols,
https://gitlab.pro.ai/sina/brazil-states-circles.git,template-map-brazil-states-bubbles,
https://gitlab.pro.ai/sina/brazil-states.git,template-map-brazil-states-choropleth,
https://gitlab.pro.ai/sina/brazil-states-symbols.git,template-map-brazil-states-symbols,
https://gitlab.pro.ai/sina/california-counties-bubbles.git,template-map-california-counties-bubbles,
https://gitlab.pro.ai/sina/california.git,template-map-california-counties-choropleth,
https://gitlab.pro.ai/sina/california-counties-symbols.git,template-map-california-counties-symbols,
https://gitlab.pro.ai/sina/canada-provinces-and-territories-circles.git,template-map-canada-provinces-and-territories-bubbles,
https://gitlab.pro.ai/sina/canada-provinces-and-territories.git,template-map-canada-provinces-and-territories-choropleth,
https://gitlab.pro.ai/sina/canada-provinces-and-territories-symbols.git,template-map-canada-provinces-and-territories-symbols,
https://gitlab.pro.ai/sina/central-america.git,template-map-central-america-choropleth,
https://gitlab.pro.ai/sina/central-america-countries-circles.git,template-map-central-america-countries-bubbles,
https://gitlab.pro.ai/sina/central-america-countries-symbols.git,template-map-central-america-countries-symbols,
https://gitlab.pro.ai/sina/chile-regions-circles.git,template-map-chile-regions-bubbles,
https://gitlab.pro.ai/sina/chile-regions.git,template-map-chile-regions-choropleth,
https://gitlab.pro.ai/sina/chile-regions-symbols.git,template-map-chile-regions-symbols,
https://gitlab.pro.ai/sina/china-porvinces-master.git,template-map-china-porvinces-master-choropleth,
https://gitlab.pro.ai/sina/china-provinces-circles.git,template-map-china-provinces-bubbles,
https://gitlab.pro.ai/sina/china-provinces-symbols.git,template-map-china-provinces-symbols,
https://gitlab.pro.ai/sina/colombia-departments-circles.git,template-map-colombia-departments-bubbles,
https://gitlab.pro.ai/sina/colombia-departments.git,template-map-colombia-departments-choropleth,
https://gitlab.pro.ai/sina/colombia-departments-symbols.git,template-map-colombia-departments-symbols,
https://gitlab.pro.ai/sina/colorado-counties-bubbles.git,template-map-colorado-counties-bubbles,
https://gitlab.pro.ai/sina/colorado.git,template-map-colorado-counties-choropleth,
https://gitlab.pro.ai/sina/colorado-counties-symbols.git,template-map-colorado-counties-symbols,
https://gitlab.pro.ai/sina/connecticut-counties-bubbles.git,template-map-connecticut-counties-bubbles,
https://gitlab.pro.ai/sina/connecticut.git,template-map-connecticut-counties-choropleth,
https://gitlab.pro.ai/sina/connecticut-counties-symbols.git,template-map-connecticut-counties-symbols,
https://gitlab.pro.ai/sina/czech-republic-regions-circles.git,template-map-czech-republic-regions-bubbles,
https://gitlab.pro.ai/sina/czech-republic-regions.git,template-map-czech-republic-regions-choropleth,
https://gitlab.pro.ai/sina/czech-republic-regions-symbols.git,template-map-czech-republic-regions-symbols,
https://gitlab.pro.ai/sina/delaware-counties-bubbles.git,template-map-delaware-counties-bubbles,
https://gitlab.pro.ai/sina/delaware.git,template-map-delaware-counties-choropleth,
https://gitlab.pro.ai/sina/delaware-counties-symbols.git,template-map-delaware-counties-symbols,
https://gitlab.pro.ai/sina/denmark-provinces-circles.git,template-map-denmark-provinces-bubbles,
https://gitlab.pro.ai/sina/denmark-provinces.git,template-map-denmark-provinces-choropleth,
https://gitlab.pro.ai/sina/denmark-provinces-symbols.git,template-map-denmark-provinces-symbols,
https://gitlab.pro.ai/sina/egypt-governorates.git,template-map-egypt-governorates-choropleth,
https://gitlab.pro.ai/sina/europe-countries-circles.git,template-map-europe-countries-bubbles,
https://gitlab.pro.ai/sina/europe-countries.git,template-map-europe-countries-choropleth,
https://gitlab.pro.ai/sina/europe-countries-symbols.git,template-map-europe-countries-symbols,
https://gitlab.pro.ai/sina/finland-regions-circles.git,template-map-finland-regions-bubbles,
https://gitlab.pro.ai/sina/finland-regions.git,template-map-finland-regions-choropleth,
https://gitlab.pro.ai/sina/finland-regions-symbols.git,template-map-finland-regions-symbols,
https://gitlab.pro.ai/sina/florida-counties-bubbles.git,template-map-florida-counties-bubbles,
https://gitlab.pro.ai/sina/florida.git,template-map-florida-counties-choropleth,
https://gitlab.pro.ai/sina/florida-counties-symbols.git,template-map-florida-counties-symbols,
https://gitlab.pro.ai/sina/france-departments-circles.git,template-map-france-departments-bubbles,
https://gitlab.pro.ai/sina/france-departments.git,template-map-france-departments-choropleth,
https://gitlab.pro.ai/sina/france-departments-symbols.git,template-map-france-departments-symbols,
https://gitlab.pro.ai/sina/georgia-counties-bubbles.git,template-map-georgia-counties-bubbles,
https://gitlab.pro.ai/sina/georgia.git,template-map-georgia-counties-choropleth,
https://gitlab.pro.ai/sina/georgia-counties-symbols.git,template-map-georgia-counties-symbols,
https://gitlab.pro.ai/sina/germany-states-circles.git,template-map-germany-states-bubbles,
https://gitlab.pro.ai/sina/germany-states.git,template-map-germany-states-choropleth,
https://gitlab.pro.ai/sina/germany-states-symbols.git,template-map-germany-states-symbols,
https://gitlab.pro.ai/sina/greece-regions-circles.git,template-map-greece-regions-bubbles,
https://gitlab.pro.ai/sina/greece-regions.git,template-map-greece-regions-choropleth,
https://gitlab.pro.ai/sina/greece-regions-symbols.git,template-map-greece-regions-symbols,
https://gitlab.pro.ai/sina/hawaii-counties-bubbles.git,template-map-hawaii-counties-bubbles,
https://gitlab.pro.ai/sina/hawaii.git,template-map-hawaii-counties-choropleth,
https://gitlab.pro.ai/sina/hawaii-counties-symbols.git,template-map-hawaii-counties-symbols,
https://gitlab.pro.ai/sina/hungary-regions-circles.git,template-map-hungary-regions-bubbles,
https://gitlab.pro.ai/sina/hungary-regions.git,template-map-hungary-regions-choropleth,
https://gitlab.pro.ai/sina/hungary-regions-symbols.git,template-map-hungary-regions-symbols,
https://gitlab.pro.ai/sina/idaho-counties-bubbles.git,template-map-idaho-counties-bubbles,
https://gitlab.pro.ai/sina/idaho.git,template-map-idaho-counties-choropleth,
https://gitlab.pro.ai/sina/idaho-counties-symbols.git,template-map-idaho-counties-symbols,
https://gitlab.pro.ai/sina/illinois-counties-bubbles.git,template-map-illinois-counties-bubbles,
https://gitlab.pro.ai/sina/illinois.git,template-map-illinois-counties-choropleth,
https://gitlab.pro.ai/sina/illinois-counties-symbols.git,template-map-illinois-counties-symbols,
https://gitlab.pro.ai/sina/india-states-bubbles.git,template-map-india-states-bubbles,
https://gitlab.pro.ai/sina/india-states.git,template-map-india-states-choropleth,
https://gitlab.pro.ai/sina/india-states-master.git,template-map-india-states-master-choropleth,
https://gitlab.pro.ai/sina/india-states-symbols.git,template-map-india-states-symbols,
https://gitlab.pro.ai/sina/indiana-counties-bubbles.git,template-map-indiana-counties-bubbles,
https://gitlab.pro.ai/sina/indiana.git,template-map-indiana-counties-choropleth,
https://gitlab.pro.ai/sina/indiana-counties-symbols.git,template-map-indiana-counties-symbols,
https://gitlab.pro.ai/sina/indonesia-provinces-bubbles.git,template-map-indonesia-provinces-bubbles,
https://gitlab.pro.ai/sina/indonesia-provinces.git,template-map-indonesia-provinces-choropleth,
https://gitlab.pro.ai/sina/indonesia-provinces-symbols.git,template-map-indonesia-provinces-symbols,
https://gitlab.pro.ai/sina/iowa-counties-bubbles.git,template-map-iowa-counties-bubbles,
https://gitlab.pro.ai/sina/iowa.git,template-map-iowa-counties-choropleth,
https://gitlab.pro.ai/sina/iowa-counties-symbols.git,template-map-iowa-counties-symbols,
https://gitlab.pro.ai/sina/iran-provinces-bubbles.git,template-map-iran-provinces-bubbles,
https://gitlab.pro.ai/sina/iran-provinces.git,template-map-iran-provinces-choropleth,
https://gitlab.pro.ai/sina/iran-provinces-symbols.git,template-map-iran-provinces-symbols,
https://gitlab.pro.ai/sina/ireland-counties-bubbles.git,template-map-ireland-counties-bubbles,
https://gitlab.pro.ai/sina/ireland-counties.git,template-map-ireland-counties-choropleth,
https://gitlab.pro.ai/sina/ireland-counties-symbols.git,template-map-ireland-counties-symbols,
https://gitlab.pro.ai/sina/israel-districts-bubbles.git,template-map-israel-districts-bubbles,
https://gitlab.pro.ai/sina/israel-districts.git,template-map-israel-districts-choropleth,
https://gitlab.pro.ai/sina/israel-districts-symbols.git,template-map-israel-districts-symbols,
https://gitlab.pro.ai/sina/italy-provinces-bubbles.git,template-map-italy-provinces-bubbles,
https://gitlab.pro.ai/sina/italy-provinces.git,template-map-italy-provinces-choropleth,
https://gitlab.pro.ai/sina/italy-provinces-symbols.git,template-map-italy-provinces-symbols,
https://gitlab.pro.ai/sina/japan-prefectures-bubbles.git,template-map-japan-prefectures-bubbles,
https://gitlab.pro.ai/sina/japan-prefectures.git,template-map-japan-prefectures-choropleth,
https://gitlab.pro.ai/sina/japan-prefectures-symbols.git,template-map-japan-prefectures-symbols,
https://gitlab.pro.ai/sina/kansas-counties-bubbles.git,template-map-kansas-counties-bubbles,
https://gitlab.pro.ai/sina/kansas.git,template-map-kansas-counties-choropleth,
https://gitlab.pro.ai/sina/kansas-counties-symbols.git,template-map-kansas-counties-symbols,
https://gitlab.pro.ai/sina/kentucky-counties-bubbles.git,template-map-kentucky-counties-bubbles,
https://gitlab.pro.ai/sina/kentucky.git,template-map-kentucky-counties-choropleth,
https://gitlab.pro.ai/sina/kentucky-counties-symbols.git,template-map-kentucky-counties-symbols,
https://gitlab.pro.ai/sina/latin-america.git,template-map-latin-america-choropleth,
https://gitlab.pro.ai/sina/latin-america-countries-bubbles.git,template-map-latin-america-countries-bubbles,
https://gitlab.pro.ai/sina/latin-america-countries-symbols.git,template-map-latin-america-countries-symbols,
https://gitlab.pro.ai/sina/louisiana-counties-bubbles.git,template-map-louisiana-counties-bubbles,
https://gitlab.pro.ai/sina/louisiana.git,template-map-louisiana-counties-choropleth,
https://gitlab.pro.ai/sina/louisiana-counties-symbols.git,template-map-louisiana-counties-symbols,
https://gitlab.pro.ai/sina/maine-counties-bubbles.git,template-map-maine-counties-bubbles,
https://gitlab.pro.ai/sina/maine.git,template-map-maine-counties-choropleth,
https://gitlab.pro.ai/sina/maine-counties-symbols.git,template-map-maine-counties-symbols,
https://gitlab.pro.ai/sina/malaysia-states-bubbles.git,template-map-malaysia-states-bubbles,
https://gitlab.pro.ai/sina/malaysia-states.git,template-map-malaysia-states-choropleth,
https://gitlab.pro.ai/sina/malaysia-states-symbols.git,template-map-malaysia-states-symbols,
https://gitlab.pro.ai/sina/maryland-counties-bubbles.git,template-map-maryland-counties-bubbles,
https://gitlab.pro.ai/sina/maryland.git,template-map-maryland-counties-choropleth,
https://gitlab.pro.ai/sina/maryland-counties-symbols.git,template-map-maryland-counties-symbols,
https://gitlab.pro.ai/sina/massachusetts-counties-bubbles.git,template-map-massachusetts-counties-bubbles,
https://gitlab.pro.ai/sina/massachusetts.git,template-map-massachusetts-counties-choropleth,
https://gitlab.pro.ai/sina/massachusetts-counties-symbols.git,template-map-massachusetts-counties-symbols,
https://gitlab.pro.ai/sina/mediterranean-sea.git,template-map-mediterranean-sea-choropleth,
https://gitlab.pro.ai/sina/mediterranean-sea-countries-bubbles.git,template-map-mediterranean-sea-countries-bubbles,
https://gitlab.pro.ai/sina/mediterranean-sea-countries-symbols.git,template-map-mediterranean-sea-countries-symbols,
https://gitlab.pro.ai/sina/mexico-states-bubbles.git,template-map-mexico-states-bubbles,
https://gitlab.pro.ai/sina/mexico-states.git,template-map-mexico-states-choropleth,
https://gitlab.pro.ai/sina/mexico-states-symbols.git,template-map-mexico-states-symbols,
https://gitlab.pro.ai/sina/michigan-counties-bubbles.git,template-map-michigan-counties-bubbles,
https://gitlab.pro.ai/sina/michigan.git,template-map-michigan-counties-choropleth,
https://gitlab.pro.ai/sina/michigan-counties-symbols.git,template-map-michigan-counties-symbols,
https://gitlab.pro.ai/sina/middle-east.git,template-map-middle-east-choropleth,
https://gitlab.pro.ai/sina/middle-east-countries-bubbles.git,template-map-middle-east-countries-bubbles,
https://gitlab.pro.ai/sina/middle-east-countries-symbols.git,template-map-middle-east-countries-symbols,
https://gitlab.pro.ai/sina/minnesota-counties-bubbles.git,template-map-minnesota-counties-bubbles,
https://gitlab.pro.ai/sina/minnesota.git,template-map-minnesota-counties-choropleth,
https://gitlab.pro.ai/sina/minnesota-counties-symbols.git,template-map-minnesota-counties-symbols,
https://gitlab.pro.ai/sina/mississippi-counties-bubbles.git,template-map-mississippi-counties-bubbles,
https://gitlab.pro.ai/sina/mississippi.git,template-map-mississippi-counties-choropleth,
https://gitlab.pro.ai/sina/mississippi-counties-symbols.git,template-map-mississippi-counties-symbols,
https://gitlab.pro.ai/sina/missouri-counties-bubbles.git,template-map-missouri-counties-bubbles,
https://gitlab.pro.ai/sina/missouri.git,template-map-missouri-counties-choropleth,
https://gitlab.pro.ai/sina/missouri-counties-symbols.git,template-map-missouri-counties-symbols,
https://gitlab.pro.ai/sina/montana-counties-bubbles.git,template-map-montana-counties-bubbles,
https://gitlab.pro.ai/sina/montana.git,template-map-montana-counties-choropleth,
https://gitlab.pro.ai/sina/montana-counties-symbols.git,template-map-montana-counties-symbols,
https://gitlab.pro.ai/sina/nebraska-counties-bubbles.git,template-map-nebraska-counties-bubbles,
https://gitlab.pro.ai/sina/nebraska.git,template-map-nebraska-counties-choropleth,
https://gitlab.pro.ai/sina/nebraska-counties-symbols.git,template-map-nebraska-counties-symbols,
https://gitlab.pro.ai/sina/netherlands-provinces-bubbles.git,template-map-netherlands-provinces-bubbles,
https://gitlab.pro.ai/sina/netherlands-provinces.git,template-map-netherlands-provinces-choropleth,
https://gitlab.pro.ai/sina/netherlands-provinces-symbols.git,template-map-netherlands-provinces-symbols,
https://gitlab.pro.ai/sina/nevada-counties-bubbles.git,template-map-nevada-counties-bubbles,
https://gitlab.pro.ai/sina/nevada.git,template-map-nevada-counties-choropleth,
https://gitlab.pro.ai/sina/nevada-counties-symbols.git,template-map-nevada-counties-symbols,
https://gitlab.pro.ai/sina/new-hampshire.git,template-map-new-hampshire-choropleth,
https://gitlab.pro.ai/sina/new-hampshire-counties-bubbles.git,template-map-new-hampshire-counties-bubbles,
https://gitlab.pro.ai/sina/new-hampshire-counties-symbols.git,template-map-new-hampshire-counties-symbols,
https://gitlab.pro.ai/sina/new-jersey.git,template-map-new-jersey-choropleth,
https://gitlab.pro.ai/sina/new-jersey-counties-bubbles.git,template-map-new-jersey-counties-bubbles,
https://gitlab.pro.ai/sina/new-jersey-counties-symbols.git,template-map-new-jersey-counties-symbols,
https://gitlab.pro.ai/sina/new-mexico.git,template-map-new-mexico-choropleth,
https://gitlab.pro.ai/sina/new-mexico-counties-bubbles.git,template-map-new-mexico-counties-bubbles,
https://gitlab.pro.ai/sina/new-mexico-counties-symbols.git,template-map-new-mexico-counties-symbols,
https://gitlab.pro.ai/sina/new-york-boroughs-bubbles.git,template-map-new-york-boroughs-bubbles,
https://gitlab.pro.ai/sina/new-york-boroughs.git,template-map-new-york-boroughs-choropleth,
https://gitlab.pro.ai/sina/new-york-boroughs-symbols.git,template-map-new-york-boroughs-symbols,
https://gitlab.pro.ai/sina/new-york.git,template-map-new-york-choropleth,
https://gitlab.pro.ai/sina/new-york-counties-bubbles.git,template-map-new-york-counties-bubbles,
https://gitlab.pro.ai/sina/new-york-counties-symbols.git,template-map-new-york-counties-symbols,
https://gitlab.pro.ai/sina/nigeria-states-bubbles.git,template-map-nigeria-states-bubbles,
https://gitlab.pro.ai/sina/nigeria-states.git,template-map-nigeria-states-choropleth,
https://gitlab.pro.ai/sina/nigeria-states-symbols.git,template-map-nigeria-states-symbols,
https://gitlab.pro.ai/sina/north-america-countries-bubbles.git,template-map-north-america-countries-bubbles,
https://gitlab.pro.ai/sina/north-america-countries.git,template-map-north-america-countries-choropleth,
https://gitlab.pro.ai/sina/north-america-countries-symbols.git,template-map-north-america-countries-symbols,
https://gitlab.pro.ai/sina/north-carolina.git,template-map-north-carolina-choropleth,
https://gitlab.pro.ai/sina/north-carolina-counties-bubbles.git,template-map-north-carolina-counties-bubbles,
https://gitlab.pro.ai/sina/north-carolina-counties-symbols.git,template-map-north-carolina-counties-symbols,
https://gitlab.pro.ai/sina/north-dakota.git,template-map-north-dakota-choropleth,
https://gitlab.pro.ai/sina/north-dakota-counties-bubbles.git,template-map-north-dakota-counties-bubbles,
https://gitlab.pro.ai/sina/north-dakota-counties-symbols.git,template-map-north-dakota-counties-symbols,
https://gitlab.pro.ai/sina/norway-counties-bubbles.git,template-map-norway-counties-bubbles,
https://gitlab.pro.ai/sina/norway-counties.git,template-map-norway-counties-choropleth,
https://gitlab.pro.ai/sina/norway-counties-symbols.git,template-map-norway-counties-symbols,
https://gitlab.pro.ai/sina/oceania-countries-bubbles.git,template-map-oceania-countries-bubbles,
https://gitlab.pro.ai/sina/oceania.git,template-map-oceania-countries-choropleth,
https://gitlab.pro.ai/sina/oceania-countries-symbols.git,template-map-oceania-countries-symbols,
https://gitlab.pro.ai/sina/ohio-counties-bubbles.git,template-map-ohio-counties-bubbles,
https://gitlab.pro.ai/sina/ohio.git,template-map-ohio-counties-choropleth,
https://gitlab.pro.ai/sina/ohio-counties-symbols.git,template-map-ohio-counties-symbols,
https://gitlab.pro.ai/sina/oklahoma-counties-bubbles.git,template-map-oklahoma-counties-bubbles,
https://gitlab.pro.ai/sina/oklahoma.git,template-map-oklahoma-counties-choropleth,
https://gitlab.pro.ai/sina/oklahoma-counties-symbols.git,template-map-oklahoma-counties-symbols,
https://gitlab.pro.ai/sina/oregon-counties-bubbles.git,template-map-oregon-counties-bubbles,
https://gitlab.pro.ai/sina/oregon.git,template-map-oregon-counties-choropleth,
https://gitlab.pro.ai/sina/oregon-counties-symbols.git,template-map-oregon-counties-symbols,
https://gitlab.pro.ai/sina/pakistan-provinces-bubbles.git,template-map-pakistan-provinces-bubbles,
https://gitlab.pro.ai/sina/pakistan-provinces.git,template-map-pakistan-provinces-choropleth,
https://gitlab.pro.ai/sina/pakistan-provinces-symbols.git,template-map-pakistan-provinces-symbols,
https://gitlab.pro.ai/sina/pennsylvania-counties-bubbles.git,template-map-pennsylvania-counties-bubbles,
https://gitlab.pro.ai/sina/pennsylvania.git,template-map-pennsylvania-counties-choropleth,
https://gitlab.pro.ai/sina/pennsylvania-counties-symbols.git,template-map-pennsylvania-counties-symbols,
https://gitlab.pro.ai/sina/peru-regions-bubbles.git,template-map-peru-regions-bubbles,
https://gitlab.pro.ai/sina/peru-regions.git,template-map-peru-regions-choropleth,
https://gitlab.pro.ai/sina/peru-regions-symbols.git,template-map-peru-regions-symbols,
https://gitlab.pro.ai/sina/philippines-provinces-bubbles.git,template-map-philippines-provinces-bubbles,
https://gitlab.pro.ai/sina/philippines-provinces.git,template-map-philippines-provinces-choropleth,
https://gitlab.pro.ai/sina/philippines-provinces-symbols.git,template-map-philippines-provinces-symbols,
https://gitlab.pro.ai/sina/poland-provinces-bubbles.git,template-map-poland-provinces-bubbles,
https://gitlab.pro.ai/sina/poland-provinces.git,template-map-poland-provinces-choropleth,
https://gitlab.pro.ai/sina/poland-provinces-symbols.git,template-map-poland-provinces-symbols,
https://gitlab.pro.ai/sina/portugal-subdivisions-bubbles.git,template-map-portugal-subdivisions-bubbles,
https://gitlab.pro.ai/sina/portugal-subdivisions.git,template-map-portugal-subdivisions-choropleth,
https://gitlab.pro.ai/sina/portugal-subdivisions-symbols.git,template-map-portugal-subdivisions-symbols,
https://gitlab.pro.ai/sina/qatar-municipalities-bubbles.git,template-map-qatar-municipalities-bubbles,
https://gitlab.pro.ai/sina/qatar-municipalities.git,template-map-qatar-municipalities-choropleth,
https://gitlab.pro.ai/sina/qatar-municipalities-symbols.git,template-map-qatar-municipalities-symbols,
https://gitlab.pro.ai/sina/rhode-island.git,template-map-rhode-island-choropleth,
https://gitlab.pro.ai/sina/rhode-island-counties-bubbles.git,template-map-rhode-island-counties-bubbles,
https://gitlab.pro.ai/sina/rhode-island-counties-symbols.git,template-map-rhode-island-counties-symbols,
https://gitlab.pro.ai/sina/romania-regions-bubbles.git,template-map-romania-regions-bubbles,
https://gitlab.pro.ai/sina/romania-regions.git,template-map-romania-regions-choropleth,
https://gitlab.pro.ai/sina/romania-regions-symbols.git,template-map-romania-regions-symbols,
https://gitlab.pro.ai/sina/russia-federal-subjects-bubbles.git,template-map-russia-federal-subjects-bubbles,
https://gitlab.pro.ai/sina/russia-federal-subjects.git,template-map-russia-federal-subjects-choropleth,
https://gitlab.pro.ai/sina/russia-federal-subjects-symbols.git,template-map-russia-federal-subjects-symbols,
https://gitlab.pro.ai/sina/saudi-arabia-provinces-bubbles.git,template-map-saudi-arabia-provinces-bubbles,
https://gitlab.pro.ai/sina/saudi-arabia-provinces.git,template-map-saudi-arabia-provinces-choropleth,
https://gitlab.pro.ai/sina/saudi-arabia-provinces-symbols.git,template-map-saudi-arabia-provinces-symbols,
https://gitlab.pro.ai/sina/singapore-regions-bubbles.git,template-map-singapore-regions-bubbles,
https://gitlab.pro.ai/sina/singapore-regions.git,template-map-singapore-regions-choropleth,
https://gitlab.pro.ai/sina/singapore-regions-symbols.git,template-map-singapore-regions-symbols,
https://gitlab.pro.ai/sina/south-africa-provinces-bubbles.git,template-map-south-africa-provinces-bubbles,
https://gitlab.pro.ai/sina/south-africa-provinces.git,template-map-south-africa-provinces-choropleth,
https://gitlab.pro.ai/sina/south-africa-provinces-symbols.git,template-map-south-africa-provinces-symbols,
https://gitlab.pro.ai/sina/south-america-countries-bubbles.git,template-map-south-america-countries-bubbles,
https://gitlab.pro.ai/sina/south-america-countries.git,template-map-south-america-countries-choropleth,
https://gitlab.pro.ai/sina/south-america-countries-symbols.git,template-map-south-america-countries-symbols,
https://gitlab.pro.ai/sina/south-carolina.git,template-map-south-carolina-choropleth,
https://gitlab.pro.ai/sina/south-carolina-counties-bubbles.git,template-map-south-carolina-counties-bubbles,
https://gitlab.pro.ai/sina/south-carolina-counties-symbols.git,template-map-south-carolina-counties-symbols,
https://gitlab.pro.ai/sina/south-dakota.git,template-map-south-dakota-choropleth,
https://gitlab.pro.ai/sina/south-dakota-counties-bubbles.git,template-map-south-dakota-counties-bubbles,
https://gitlab.pro.ai/sina/south-dakota-counties-symbols.git,template-map-south-dakota-counties-symbols,
https://gitlab.pro.ai/sina/south-east-asia.git,template-map-south-east-asia-choropleth,
https://gitlab.pro.ai/sina/south-east-asia-countries-bubbles.git,template-map-south-east-asia-countries-bubbles,
https://gitlab.pro.ai/sina/south-east-asia-countries-symbols.git,template-map-south-east-asia-countries-symbols,
https://gitlab.pro.ai/sina/south-korea-provinces-bubbles.git,template-map-south-korea-provinces-bubbles,
https://gitlab.pro.ai/sina/south-korea-provinces.git,template-map-south-korea-provinces-choropleth,
https://gitlab.pro.ai/sina/south-korea-provinces-symbols.git,template-map-south-korea-provinces-symbols,
https://gitlab.pro.ai/sina/spain-provinces-bubbles.git,template-map-spain-provinces-bubbles,
https://gitlab.pro.ai/sina/spain-provinces.git,template-map-spain-provinces-choropleth,
https://gitlab.pro.ai/sina/spain-provinces-symbols.git,template-map-spain-provinces-symbols,
https://gitlab.pro.ai/sina/sweden-counties-bubbles.git,template-map-sweden-counties-bubbles,
https://gitlab.pro.ai/sina/sweden-counties.git,template-map-sweden-counties-choropleth,
https://gitlab.pro.ai/sina/sweden-counties-symbols.git,template-map-sweden-counties-symbols,
https://gitlab.pro.ai/sina/switzerland-cantons-bubbles.git,template-map-switzerland-cantons-bubbles,
https://gitlab.pro.ai/sina/switzerland-cantons.git,template-map-switzerland-cantons-choropleth,
https://gitlab.pro.ai/sina/switzerland-cantons-symbols.git,template-map-switzerland-cantons-symbols,
https://gitlab.pro.ai/sina/taiwan-municipalities-bubbles.git,template-map-taiwan-municipalities-bubbles,
https://gitlab.pro.ai/sina/taiwan-municipalities.git,template-map-taiwan-municipalities-choropleth,
https://gitlab.pro.ai/sina/taiwan-municipalities-symbols.git,template-map-taiwan-municipalities-symbols,
https://gitlab.pro.ai/sina/tennessee-counties-bubbles.git,template-map-tennessee-counties-bubbles,
https://gitlab.pro.ai/sina/tennessee.git,template-map-tennessee-counties-choropleth,
https://gitlab.pro.ai/sina/tennessee-counties-symbols.git,template-map-tennessee-counties-symbols,
https://gitlab.pro.ai/sina/texas-counties-bubbles.git,template-map-texas-counties-bubbles,
https://gitlab.pro.ai/sina/texas.git,template-map-texas-counties-choropleth,
https://gitlab.pro.ai/sina/texas-counties-symbols.git,template-map-texas-counties-symbols,
https://gitlab.pro.ai/sina/thailand-provinces-bubbles.git,template-map-thailand-provinces-bubbles,
https://gitlab.pro.ai/sina/thailand-provinces.git,template-map-thailand-provinces-choropleth,
https://gitlab.pro.ai/sina/thailand-provinces-symbols.git,template-map-thailand-provinces-symbols,
https://gitlab.pro.ai/sina/turkey-provinces-bubbles.git,template-map-turkey-provinces-bubbles,
https://gitlab.pro.ai/sina/turkey-provinces.git,template-map-turkey-provinces-choropleth,
https://gitlab.pro.ai/sina/turkey-provinces-symbols.git,template-map-turkey-provinces-symbols,
https://gitlab.pro.ai/sina/uae-emirates-bubbles.git,template-map-uae-emirates-bubbles,
https://gitlab.pro.ai/sina/united-arab-emirates.git,template-map-uae-emirates-choropleth,
https://gitlab.pro.ai/sina/uae-emirates-symbols.git,template-map-uae-emirates-symbols,
https://gitlab.pro.ai/sina/uk-districts-bubbles.git,template-map-uk-districts-bubbles,
https://gitlab.pro.ai/sina/uk-districts.git,template-map-uk-districts-choropleth,
https://gitlab.pro.ai/sina/uk-districts-symbols.git,template-map-uk-districts-symbols,
https://gitlab.pro.ai/sina/ukraine-regions-bubbles.git,template-map-ukraine-regions-bubbles,
https://gitlab.pro.ai/sina/ukraine-regions.git,template-map-ukraine-regions-choropleth,
https://gitlab.pro.ai/sina/ukraine-regions-symbols.git,template-map-ukraine-regions-symbols,
https://gitlab.pro.ai/sina/usa-counties-bubbles.git,template-map-usa-counties-bubbles,
https://gitlab.pro.ai/sina/usa-counties.git,template-map-usa-counties-choropleth,
https://gitlab.pro.ai/sina/usa-counties-symbols.git,template-map-usa-counties-symbols,
https://gitlab.pro.ai/flourish/usa-country-map.git,template-map-usa-country-map,
https://gitlab.pro.ai/sina/usa-states-bubbles.git,template-map-usa-states-bubbles,
https://gitlab.pro.ai/behrooz-templates/usa-states.git,template-map-usa-states-choropleth,
https://gitlab.pro.ai/behrooz-templates/usa-states-hex.git,template-map-usa-states-hex,
https://gitlab.pro.ai/behrooz-templates/usa-symbols.git,template-map-usa-states-symbols,
https://gitlab.pro.ai/sina/utah-counties-bubbles.git,template-map-utah-counties-bubbles,
https://gitlab.pro.ai/sina/utah.git,template-map-utah-counties-choropleth,
https://gitlab.pro.ai/sina/utah-counties-symbols.git,template-map-utah-counties-symbols,
https://gitlab.pro.ai/sina/vermont-counties-bubbles.git,template-map-vermont-counties-bubbles,
https://gitlab.pro.ai/sina/vermont.git,template-map-vermont-counties-choropleth,
https://gitlab.pro.ai/sina/vermont-counties-symbols.git,template-map-vermont-counties-symbols,
https://gitlab.pro.ai/sina/virginia-counties-bubbles.git,template-map-virginia-counties-bubbles,
https://gitlab.pro.ai/sina/virginia.git,template-map-virginia-counties-choropleth,
https://gitlab.pro.ai/sina/virginia-counties-symbols.git,template-map-virginia-counties-symbols,
https://gitlab.pro.ai/sina/washington-counties-bubbles.git,template-map-washington-counties-bubbles,
https://gitlab.pro.ai/sina/washington.git,template-map-washington-counties-choropleth,
https://gitlab.pro.ai/sina/washington-counties-symbols.git,template-map-washington-counties-symbols,
https://gitlab.pro.ai/sina/west-africa.git,template-map-west-africa-choropleth,
https://gitlab.pro.ai/sina/west-africa-countries-bubbles.git,template-map-west-africa-countries-bubbles,
https://gitlab.pro.ai/sina/west-africa-countries-symbols.git,template-map-west-africa-countries-symbols,
https://gitlab.pro.ai/sina/west-virginia.git,template-map-west-virginia-choropleth,
https://gitlab.pro.ai/sina/west-virginia-counties-bubbles.git,template-map-west-virginia-counties-bubbles,
https://gitlab.pro.ai/sina/west-virginia-counties-symbols.git,template-map-west-virginia-counties-symbols,
https://gitlab.pro.ai/sina/wisconsin-counties-bubbles.git,template-map-wisconsin-counties-bubbles,
https://gitlab.pro.ai/sina/wisconsin.git,template-map-wisconsin-counties-choropleth,
https://gitlab.pro.ai/sina/wisconsin-counties-symbols.git,template-map-wisconsin-counties-symbols,
https://gitlab.pro.ai/sina/world-continents-bubbles.git,template-map-world-continents-bubbles,
https://gitlab.pro.ai/sina/world-continents.git,template-map-world-continents-choropleth,
https://gitlab.pro.ai/sina/world-continents-symbols.git,template-map-world-continents-symbols,
https://gitlab.pro.ai/sina/world-continents-test.git,template-map-world-continents-test-choropleth,
https://gitlab.pro.ai/behrooz-templates/world-map-animation.git,template-map-world-countries-animation,
https://gitlab.pro.ai/behrooz-templates/world-map-circles.git,template-map-world-countries-bubbles,
https://gitlab.pro.ai/sina/world-countries.git,template-map-world-countries-choropleth,
https://gitlab.pro.ai/sina/world-countries-symbols.git,template-map-world-countries-symbols,
https://gitlab.pro.ai/sina/wyoming-counties-bubbles.git,template-map-wyoming-counties-bubbles,
https://gitlab.pro.ai/sina/wyoming.git,template-map-wyoming-counties-choropleth,
https://gitlab.pro.ai/sina/wyoming-counties-symbols.git,template-map-wyoming-counties-symbols,
https://gitlab.pro.ai/behrooz-templates/area-chart-d3.git,template-static-area,
https://gitlab.pro.ai/moein-templates/area-chart.git,template-static-area-chart,
https://gitlab.pro.ai/behrooz-templates/stacked-area-chart-d3.git,template-static-area-stacked,
https://gitlab.pro.ai/behrooz-templates/stacked-area-chart-percentage-d3.git,template-static-area-stacked-percentage,
https://gitlab.pro.ai/alireza_projects/static-svg/balloon-chart-svg.git,template-static-balloon,
https://gitlab.pro.ai/mehdi-templates/barchart-d3.git,template-static-bar,
https://gitlab.pro.ai/mehdi-templates/barchart-with-change.git,template-static-bar-change,
https://gitlab.pro.ai/mehdi-templates/grouped-barchart-d3.git,template-static-bar-grouped,
https://gitlab.pro.ai/mehdi-templates/radial_polar_d3.git,template-static-bar-polar,
https://gitlab.pro.ai/moein-templates/bar-polar-label-tangential.git,template-static-bar-polar-label-tangential,
https://gitlab.pro.ai/moein-templates/bar-polar-stack.git,template-static-bar-polar-stack,
https://gitlab.pro.ai/moein-templates/bar-polar-stack-radial.git,template-static-bar-polar-stack-radial,
https://gitlab.pro.ai/mehdi-templates/polar-bar-d3.git,template-static-bar-radial,
https://gitlab.pro.ai/mehdi-templates/polar_image.git,template-static-bar-radial-change-percentage,
https://gitlab.pro.ai/mehdi-templates/stacked-polar-d3.git,template-static-bar-radial-stacked,
https://gitlab.pro.ai/mehdi-templates/stacked-polar-percentage.git,template-static-bar-radial-stacked-percentage,
https://gitlab.pro.ai/mehdi-templates/stacked-barchart-d3.git,template-static-bar-stacked,
https://gitlab.pro.ai/mehdi-templates/stacked-barchart-percentage-d3.git,template-static-bar-stacked-percentage,
https://gitlab.pro.ai/mehdi-templates/beeswarm.git,template-static-beeswarm,
https://gitlab.pro.ai/mahdiyar-templates/boxplot.git,template-static-boxplot,
https://gitlab.pro.ai/alireza_projects/static-svg/boxplot-horizontal-svg.git,template-static-boxplot-horizontal,
https://gitlab.pro.ai/behrooz-templates/boxplot-slider.git,template-static-boxplot-slider,
https://gitlab.pro.ai/alireza_projects/static-svg/boxplot-vertical-svg.git,template-static-boxplot-vertical,
https://gitlab.pro.ai/behrooz-templates/bubble-chart.git,template-static-bubble,
https://gitlab.pro.ai/moeinmn/bump_chart.git,template-static-bump,
https://gitlab.pro.ai/alireza_projects/static-svg/cards-svg.git,template-static-cards,
https://gitlab.pro.ai/moeinmn/chord.git,template-static-chord,
https://gitlab.pro.ai/behrooz-templates/chord.git,template-static-chord-beta,
https://gitlab.pro.ai/alireza_projects/static-svg/circle-force-svg.git,template-static-circle-force,
https://gitlab.pro.ai/moeinmn/circle-packing.git,template-static-circle-packing,
https://gitlab.pro.ai/mehdi-templates/columnchart-d3.git,template-static-column,
https://gitlab.pro.ai/mahdiyar-templates/column_cahrt_horizontal.git,template-static-column_cahrt_horizontal,
https://gitlab.pro.ai/moeinmn/column-chart.git,template-static-column-chart,
https://gitlab.pro.ai/mehdi-templates/grouped-columnchart-d3.git,template-static-column-grouped,
https://gitlab.pro.ai/mehdi-templates/stacked-columnchart-d3.git,template-static-column-stacked,
https://gitlab.pro.ai/mehdi-templates/stacked-columnchart-percentage-d3.git,template-static-column-stacked-percentage,
https://gitlab.pro.ai/alireza_projects/static-svg/conceptual-chart.git,template-static-conceptual,
https://gitlab.pro.ai/behrooz-templates/life-expectancy.git,template-static-curved-line-distribution,
https://gitlab.pro.ai/templates/d3-bubble-chart.git,template-static-d3-bubble-chart,
https://gitlab.pro.ai/templates/d3-group-scatterplot.git,template-static-d3-group-scatterplot,
https://gitlab.pro.ai/templates/d3-sunburst.git,template-static-d3-sunburst,
https://gitlab.pro.ai/templates/d3-treemap-2.git,template-static-d3-treemap-2,
https://gitlab.pro.ai/behrooz-templates/donut-chart.git,template-static-donut,
https://gitlab.pro.ai/mahdiyar-templates/dotPlot.git,template-static-dot-plot,
https://gitlab.pro.ai/templates/echart-bubble.git,template-static-echart-bubble,
https://gitlab.pro.ai/templates/echart-clustering.git,template-static-echart-clustering,
https://gitlab.pro.ai/templates/echart-radar.git,template-static-echart-radar,
https://gitlab.pro.ai/templates/d3-force-graph.git,template-static-force-graph,
https://gitlab.pro.ai/mehdi-templates/funnel_trapezius_d3.git,template-static-funnel,
https://gitlab.pro.ai/mehdi-templates/funnel_d3.git,template-static-funnel_d3,
https://gitlab.pro.ai/moeinmn/funnle.git,template-static-funnle,
https://gitlab.pro.ai/alireza_projects/static-svg/galaxy-chart-svg.git,template-static-galaxy,
https://gitlab.pro.ai/alireza_projects/static-svg/gradient-ring-svg.git,template-static-gradient-ring,
https://gitlab.pro.ai/mahdiyar-templates/group_bar_chart.git,template-static-group_bar_chart,
https://gitlab.pro.ai/moein-templates/group-chart.git,template-static-group-chart,
https://gitlab.pro.ai/behrooz-templates/heatmap.git,template-static-heatmap,
https://gitlab.pro.ai/alireza_projects/static-svg/heatmap-list-svg.git,template-static-heatmap-list,
https://gitlab.pro.ai/mehdi-templates/histogram.git,template-static-histogram,
https://gitlab.pro.ai/mehdi-templates/histogram-kde.git,template-static-histogram-kde,
https://gitlab.pro.ai/mahdiyar-templates/horizontal-boxplot.git,template-static-horizontal-boxplot,
https://gitlab.pro.ai/behrooz-templates/line-chart-d3.git,template-static-line,
https://gitlab.pro.ai/behrooz-templates/line-chart-new-cli.git,template-static-line-chart-new-cli,
https://gitlab.pro.ai/mehdi-templates/marimekko.git,template-static-marimekko,
https://gitlab.pro.ai/mehdi-templates/mixed-barline-chart-d3.git,template-static-mixed-line-bar,
https://gitlab.pro.ai/moeinmn/mixed-line-bar.git,template-static-mixed-line-bar-beta,
https://gitlab.pro.ai/templates/d3-parliment.git,template-static-parliament,
https://gitlab.pro.ai/moeinmn/percentage-stacked-area-chart.git,template-static-percentage-stacked-area-chart,
https://gitlab.pro.ai/alireza_projects/static-svg/photo-slider-svg.git,template-static-photo-slider,
https://gitlab.pro.ai/alireza_projects/static-svg/pictogram-horizontal-svg.git,template-static-pictogram-horizontal,
https://gitlab.pro.ai/alireza_projects/static-svg/pictogram-vertical-svg.git,template-static-pictogram-vertical,
https://gitlab.pro.ai/moeinmn/pie-chart-d3.git,template-static-pie,
https://gitlab.pro.ai/mahdiayr/pie-chart.git,template-static-pie-chart,
https://gitlab.pro.ai/moeinmn/pie-chart-with-img.git,template-static-pie-chart-with-img,
https://gitlab.pro.ai/mehdi-templates/population-pyramid.git,template-static-population-pyramid,
https://gitlab.pro.ai/alireza_projects/static-svg/project-management-svg.git,template-static-project-management,
https://gitlab.pro.ai/alireza_projects/static-svg/quadrant.git,template-static-quadrant,
https://gitlab.pro.ai/templates/d3-radar.git,template-static-radar,
https://gitlab.pro.ai/mehdi-templates/ridge_plot.git,template-static-ridge-plot,
https://gitlab.pro.ai/templates/d3-sankey.git,template-static-sankey,
https://gitlab.pro.ai/behrooz-templates/scatter-plot.git,template-static-scatter-plot,
https://gitlab.pro.ai/behrooz-templates/scatter-plot-with-groups.git,template-static-scatter-plot-with-groups,
https://gitlab.pro.ai/moein-templates/smoothed-line.git,template-static-smoothed-line,
https://gitlab.pro.ai/alireza_projects/static-svg/spiral-bubble-svg.git,template-static-spiral-bubble,
https://gitlab.pro.ai/mehdi-templates/splite-bars.git,template-static-splite-bars,
https://gitlab.pro.ai/mahdiyar-templates/stacked_barchart.git,template-static-stacked_barchart,
https://gitlab.pro.ai/mahdiyar-templates/stacked_barchart-percentage.git,template-static-stacked_barchart-percentage,
https://gitlab.pro.ai/moein-templates/stacked-area-chart.git,template-static-stacked-area-chart,
https://gitlab.pro.ai/moein-templates/stacked-column.git,template-static-stacked-column,
https://gitlab.pro.ai/moeinmn/stacked-column-percent.git,template-static-stacked-column-percent,
https://gitlab.pro.ai/mehdi-templates/stream_graph.git,template-static-streamgraph,
https://gitlab.pro.ai/moeinmn/sunburst-2.git,template-static-sunburst,
https://gitlab.pro.ai/behrooz-templates/swarm.git,template-static-swarm,
https://gitlab.pro.ai/behrooz-templates/table.git,template-static-table,
https://gitlab.pro.ai/moeinmn/table.git,template-static-table-beta,
https://gitlab.pro.ai/alireza_projects/static-svg/timeline-svg.git,template-static-timeline,
https://gitlab.pro.ai/alireza_projects/static-svg/simple-treemap-svg.git,template-static-treemap,
https://gitlab.pro.ai/alireza_projects/static-svg/treemap-with-category-svg.git,template-static-treemap-category,
https://gitlab.pro.ai/moeinmn/treemap-echart.git,template-static-treemap-echart,
https://gitlab.pro.ai/templates/d3-treemap.git,template-static-treemap-gradient,
https://gitlab.pro.ai/mehdi-templates/voronoi-treemap.git,template-static-treemap-voronoi,
https://gitlab.pro.ai/behrooz-templates/usa-points.git,template-static-usa-points,
https://gitlab.pro.ai/mehdi-templates/violin-chart.git,template-static-violin,
https://gitlab.pro.ai/behrooz-templates/word-cloud-2.git,template-static-word-cloud,
https://gitlab.pro.ai/sina-scripts/stock-market-api.git,tools-stock-market-exporter,
https://gitlab.pro.ai/sina/automated-chart-updater.git,tools-template-automated-updater,
https://gitlab.pro.ai/sina/auto-convert-plotset.git,tools-template-flourish-etl,
https://gitlab.pro.ai/damirchi/plotset-cli.git,tools-template-uploader,
https://gitlab.pro.ai/flourish/cafe-data.git,website,
https://gitlab.pro.ai/blog/backend.git,website-blog,
https://gitlab.pro.ai/pai/plotset-doc.git,website-docs,
https://gitlab.pro.ai/mahdiayr/plotset-landing.git,website-v2,
https://gitlab.pro.ai/alireza_projects/forked/cafe-data.git,,
https://gitlab.pro.ai/frontend-team/cafedata-docs.git,,
https://gitlab.pro.ai/coder-hub/coder-hub-frontend.git,,
https://gitlab.pro.ai/mahdiayr/plotset-figma-plugin.git,,
https://gitlab.pro.ai/moeinmn/aiserver.git,,
https://gitlab.pro.ai/alirezabalayi/plotset-animation.git,,
https://gitlab.pro.ai/cafedata/d3-commons.git,,
https://gitlab.pro.ai/moeinmn/date-formatter.git,,
https://gitlab.pro.ai/alirezabalayi/benchmart-ai-model.git,,
https://gitlab.pro.ai/sina/auto-convert-plotset-develop.git,,
https://gitlab.pro.ai/ai-tools/python-snap-server.git,,
https://gitlab.pro.ai/alireza-scripts/test-plotset-ai-samples.git,,
https://gitlab.pro.ai/pai/kubernetes.git,,
https://gitlab.pro.ai/alireza-scripts/dependency-generator-script.git,,
https://gitlab.pro.ai/ai-tools/descriptions-ai-server.git,,
https://gitlab.pro.ai/alirezabalayi/prompt-to-data-ai.git,,
https://gitlab.pro.ai/alirezabalayi/emad-helper-script.git,,
https://gitlab.pro.ai/alireza_projects/script/country-two-letter-code.git,,
https://gitlab.pro.ai/alireza_projects/shared/common-scripts.git,,
https://gitlab.pro.ai/alireza_projects/forked/base-plotset.git,,
https://gitlab.pro.ai/pai/flourish2db.git,,
https://gitlab.pro.ai/pai/plotset-admin.git,,
https://gitlab.pro.ai/pai/plotset-it.git,,
https://gitlab.pro.ai/pai/plotset-file-to-csv.git,,
https://gitlab.pro.ai/plotset/plotset-unified-api.git,,
https://gitlab.pro.ai/pai/plotset-api-gateway.git,,
https://gitlab.pro.ai/alireza_projects/shared/automate-race-bar-converter.git,,
https://gitlab.pro.ai/alireza_projects/shared/timestapm.git,,
https://gitlab.pro.ai/alireza_projects/shared/automate-multi-animation-combiner.git,,
https://gitlab.pro.ai/pai/plotset-auth-service.git,,
https://gitlab.pro.ai/pai/plotset-renderer-client.git,,
https://gitlab.pro.ai/pai/plotset-renderer-server.git,,
https://gitlab.pro.ai/pai/plotset-chart-renderer.git,,
https://gitlab.pro.ai/pai/fv-backend.git,,
https://gitlab.pro.ai/mahdiayr/plotset-ai.git,,
https://gitlab.pro.ai/moeinmn/ai-test.git,,
https://gitlab.pro.ai/behrooz-templates/boxplot.git,,
https://gitlab.pro.ai/mahdiayr/boxplot.git,,
https://gitlab.pro.ai/behrooz-templates/percentage-stacked-area-chart.git,,
https://gitlab.pro.ai/alireza_projects/shared/demo-charts-race-pie.git,,
https://gitlab.pro.ai/sina-s-canvas-templates/disjoint-force-directed-graph.git,,
https://gitlab.pro.ai/alireza_projects/shared/demo-charts-animated-svg.git,,
https://gitlab.pro.ai/alireza_projects/static-canvas/force-phyllotaxis-arrangement-canvas.git,,
https://gitlab.pro.ai/alireza_projects/static-canvas/collision-detection-force-canvas.git,,
https://gitlab.pro.ai/sina-s-canvas-templates/categorical-treemap.git,,
https://gitlab.pro.ai/sina-s-canvas-templates/dot-plot.git,,
https://gitlab.pro.ai/sina-s-canvas-templates/funnel.git,,
https://gitlab.pro.ai/sina-s-canvas-templates/radial-bar.git,,
https://gitlab.pro.ai/sina-s-canvas-templates/sankey.git,,
https://gitlab.pro.ai/sina-s-canvas-templates/simple-treemap.git,,
https://gitlab.pro.ai/sina-s-canvas-templates/stacked-radial-bar.git,,
https://gitlab.pro.ai/alireza_projects/static-canvas/bar-chart-canvas.git,,
https://gitlab.pro.ai/alireza_projects/shared/demo-charts-line-svg.git,,
https://gitlab.pro.ai/alireza_projects/shared/demo-charts-donut-svg.git,,
https://gitlab.pro.ai/pai/pro-ai-chat.git,,
https://gitlab.pro.ai/flourish/transformers.git,,
https://gitlab.pro.ai/alireza_projects/static-svg/timeline-vertical.git,,
https://gitlab.pro.ai/Behrooz/simple-visuals.git,,
https://gitlab.pro.ai/mahdiayr/aiserver.git,,
https://gitlab.pro.ai/moeinmn/icon-backend.git,,
https://gitlab.pro.ai/alireza_projects/shared/canvas-sample-animated/canvas-animated-sample.git,,
https://gitlab.pro.ai/sina-svg-templates/gauge-chart.git,,
https://gitlab.pro.ai/alireza_projects/static-canvas/donut-chart-canvas.git,,
https://gitlab.pro.ai/alirezabalayi/export-canvas.git,,
https://gitlab.pro.ai/moeinmn/supabase-export-edge.git,,
https://gitlab.pro.ai/moeinmn/animated-column.git,,
https://gitlab.pro.ai/moeinmn/test.git,,
https://gitlab.pro.ai/alireza_projects/shared/image-control.git,,
https://gitlab.pro.ai/alirezabalayi/plotset-ticker.git,,
https://gitlab.pro.ai/alirezabalayi/plotset-progress-bar.git,,
https://gitlab.pro.ai/alirezabalayi/plotset-race-bar.git,,
https://gitlab.pro.ai/behrooz-templates/simple-column-chart.git,,
https://gitlab.pro.ai/alirezabalayi/plotset-landing-react.git,,
https://gitlab.pro.ai/sina/updateing-charts-folder.git,,
https://gitlab.pro.ai/alirezabalayi/create-new-template-document.git,,
https://gitlab.pro.ai/mehdi-templates/funnel_horizontal.git,,
https://gitlab.pro.ai/alirezaopmc/pomodoro-mini-judge.git,,
https://gitlab.pro.ai/amazon-bestsellers/surfing_hippo.git,,
https://gitlab.pro.ai/edu-team/komodoro-api-doc.git,,
https://gitlab.pro.ai/emad/teest.git,,
https://gitlab.pro.ai/emad/test-repo.git,,
https://gitlab.pro.ai/kaggle-competitions/lanl.git,,
https://gitlab.pro.ai/Kain/ferret.git,,
https://gitlab.pro.ai/Kain/goseling.git,,
https://gitlab.pro.ai/Kain/hotel-aesthetics-service.git,,
https://gitlab.pro.ai/Kain/mandarine.git,,
https://gitlab.pro.ai/Kain/parrot.git,,
https://gitlab.pro.ai/Kain/Semantic-Distribution.git,,
https://gitlab.pro.ai/Kain/sentiment-analysis.git,,
https://gitlab.pro.ai/mehdi-templates/stacked-column-chart-d3.git,,
https://gitlab.pro.ai/pai/flourish-viewer-backend.git,,
https://gitlab.pro.ai/pai/vc-backend.git,,
https://gitlab.pro.ai/pouriya/ap-api.git,,
https://gitlab.pro.ai/pouriya/ap-frontend.git,,
https://gitlab.pro.ai/proai/proai-test.git,,
https://gitlab.pro.ai/root/edu-smth-backend.git,,
https://gitlab.pro.ai/root/visual-capitalist-scrapper.git,,
https://gitlab.pro.ai/sina/aaaaa.data-extractor.git,,
https://gitlab.pro.ai/sina/area-chart-cli.git,,
https://gitlab.pro.ai/sina/china-porvinces-main.git,,
https://gitlab.pro.ai/sina/china-porvinces-project.git,,
https://gitlab.pro.ai/sina/china-porvinces.git,,
https://gitlab.pro.ai/sina/china-provinces.git,,
https://gitlab.pro.ai/sina/germany-states-main.git,,
https://gitlab.pro.ai/sina/japan-provinces.git,,
https://gitlab.pro.ai/sina/map.git,,
https://gitlab.pro.ai/sunn/vinapp.git,,
https://gitlab.pro.ai/mahdiyar-templates/drawed_line_chart.git,,
https://gitlab.pro.ai/moeinmn/video_export.git,,
https://gitlab.pro.ai/pai/edu-smth-backend-express.git,,
https://gitlab.pro.ai/pai/plotset-proto.git,,
https://gitlab.pro.ai/shervin/test-project.git,,
https://gitlab.pro.ai/moeinmn/link-manager.git,,
https://gitlab.pro.ai/mahdiayr/survay_backend.git,,
https://gitlab.pro.ai/pai/raah.git,,
https://gitlab.pro.ai/behrooz-templates/vue-test.git,,
https://gitlab.pro.ai/mahdiayr/plotset-test.git,,
https://gitlab.pro.ai/emad/distube-music-bot.git,,
https://gitlab.pro.ai/pai/cb-cleaner.git,,
https://gitlab.pro.ai/flourish/latest-sample-template.git,,
https://gitlab.pro.ai/damirchi/amir-test-publish.git,,
https://gitlab.pro.ai/moeinmn/lambda_sendws.git,,
https://gitlab.pro.ai/moeinmn/ws.git,,
https://gitlab.pro.ai/mahdiayr/cpu_temp.git,,
https://gitlab.pro.ai/datastreaming/datastreaming-poc.git,,
https://gitlab.pro.ai/sina/aaaa.blank.git,,
https://gitlab.pro.ai/behrooz-templates/word-cloud.git,,
https://gitlab.pro.ai/mahdiyar-templates/header-footer.git,,
https://gitlab.pro.ai/mahdiayr/header.git,,
https://gitlab.pro.ai/ehsanghaffarii/access-test.git,,
https://gitlab.pro.ai/pai/html-to-media.git,,
https://gitlab.pro.ai/cafedata/chartism.git,,
https://gitlab.pro.ai/pai/discord-attendance-bot.git,,
https://gitlab.pro.ai/pai/raah-frontend.git,,
https://gitlab.pro.ai/pai/ch-frontend.git,,
https://gitlab.pro.ai/pai/ch-backend.git,,
https://gitlab.pro.ai/pai/galaxus-crawler.git,,
https://gitlab.pro.ai/pai/galaxus-unofficial-api.git,,
https://gitlab.pro.ai/frontend-team/digi-buy.git,,
https://gitlab.pro.ai/pai/digi-buy-backend.git,,
https://gitlab.pro.ai/pai/galaxus-digitec-live-sub.git,,
https://gitlab.pro.ai/pai/npm-test.git,,
https://gitlab.pro.ai/edu-team/edu-smth-frontend.git,,
https://gitlab.pro.ai/pai/edu-task-server.git,,
https://gitlab.pro.ai/pai/edu-task-runner.git,,
https://gitlab.pro.ai/pai/galaxus-digitec-live-cron.git,,
https://gitlab.pro.ai/flourish/cafedata-tools.git,,
https://gitlab.pro.ai/emad/discord-music-bot.git,,
https://gitlab.pro.ai/pai/komodoro-api-doc.git,,
https://gitlab.pro.ai/pai/edu-smth-backend.git,,
https://gitlab.pro.ai/pai/asanjkala-backend.git,,
https://gitlab.pro.ai/pai/asanjkala-frontend.git,,
https://gitlab.pro.ai/pai/cb-crawler.git,,
https://gitlab.pro.ai/pai/usvisa-client.git,,
https://gitlab.pro.ai/pai/usvisa-server.git,,
https://gitlab.pro.ai/proai/marketsim-backend.git,,
https://gitlab.pro.ai/pai/robin-view-frontend.git,,
https://gitlab.pro.ai/pai/marketsim.git,,
https://gitlab.pro.ai/pai/robin-view-backend-temp.git,,
https://gitlab.pro.ai/proai/manhattan-backend.git,,
https://gitlab.pro.ai/pai/roshd-frontend.git,,
https://gitlab.pro.ai/pai/roshd-backend.git,,
https://gitlab.pro.ai/pai/robin-view-backend.git,,
https://gitlab.pro.ai/proai/hotel-demo-backend.git,,
https://gitlab.pro.ai/pai/vc-frontend.git,,
https://gitlab.pro.ai/Behrooz/anroidbtle.git,,
https://gitlab.pro.ai/farshad/robinhood-stock-demo.git,,
https://gitlab.pro.ai/farshad/scraper.git,,
https://gitlab.pro.ai/Behrooz/mesghal.git,,
https://gitlab.pro.ai/Behrooz/test-project.git,,
https://gitlab.pro.ai/proai/hotel-demo-frontend.git,,
https://gitlab.pro.ai/proai/alborzhost.git,,
https://gitlab.pro.ai/proai/hotels-demo.git,,
https://gitlab.pro.ai/Kain/emotion-analysis.git,,
https://gitlab.pro.ai/saeid/test_access.git,,
https://gitlab.pro.ai/Behrooz/academicpaysite.git,,